package	policy	reason	validation
examples/app/custom_loop	screenshot-excluded	Custom runner example reads stdin and exits through app control flow; it has no Bevy visual frame.	moon -C mgstudio-engine run --target native --release examples/app/custom_loop
examples/app/empty	screenshot-excluded	Empty App example has no plugins, window, camera, or renderer output.	moon -C mgstudio-engine run --target native --release examples/app/empty
examples/app/headless	screenshot-excluded	ScheduleRunner headless counter example is console-only and intentionally has no window.	moon -C mgstudio-engine run --target native --release examples/app/headless
examples/app/headless_renderer	offscreen-output	Headless renderer writes render-target PNG files instead of presenting a window screenshot.	moon -C mgstudio-engine run --target native --release examples/app/headless_renderer
examples/app/log_layers	screenshot-excluded	Logging layer composition example demonstrates console log formatting and has no camera or UI in Bevy.	moon -C mgstudio-engine run --target native --release examples/app/log_layers
examples/app/log_layers_ecs	visual-reference	Bevy renders a Camera2d log viewer UI populated from captured log events.	mgstudio-engine/examples/app/log_layers_ecs/reference.png
examples/app/logs	visual-reference	Bevy renders Camera2d UI text instructing the user to press P.	mgstudio-engine/examples/app/logs/reference.png
examples/app/no_renderer	screenshot-excluded	Bevy intentionally disables the renderer; the example only demonstrates app startup without rendering.	moon -C mgstudio-engine run --target native --release examples/app/no_renderer
examples/app/without_winit	screenshot-excluded	No WinitPlugin event loop is installed, so there is no interactive window screenshot target.	moon -C mgstudio-engine run --target native --release examples/app/without_winit
examples/audio/audio	screenshot-excluded	Bevy audio playback example only spawns an AudioPlayer and has no camera or UI.	moon -C mgstudio-engine check --target native examples/audio/audio
examples/audio/audio_control	visual-reference	Bevy audio control example renders progress and keyboard instruction UI.	mgstudio-engine/examples/audio/audio_control/reference.png
examples/audio/decodable	screenshot-excluded	Bevy custom decodable audio example registers and plays audio without any camera or UI.	moon -C mgstudio-engine check --target native examples/audio/decodable
examples/audio/soundtrack	screenshot-excluded	Bevy soundtrack state-transition example changes audio tracks without any camera or UI.	moon -C mgstudio-engine check --target native examples/audio/soundtrack
examples/audio/spatial_audio_2d	visual-reference	Bevy spatial audio 2D example renders emitter/listener indicators and instructions.	mgstudio-engine/examples/audio/spatial_audio_2d/reference.png
examples/audio/spatial_audio_3d	visual-reference	Bevy spatial audio 3D example renders emitter/listener indicators, light, camera, and instructions.	mgstudio-engine/examples/audio/spatial_audio_3d/reference.png
examples/ecs/change_detection	screenshot-excluded	Bevy change detection example prints detected component/resource changes and has no camera or UI.	moon -C mgstudio-engine check --target native examples/ecs/change_detection
examples/ecs/custom_query_param	screenshot-excluded	Bevy custom query param example prints queried ECS data and has no camera or UI.	moon -C mgstudio-engine check --target native examples/ecs/custom_query_param
examples/ecs/custom_schedule	screenshot-excluded	Bevy custom schedule example prints schedule order and has no camera or UI.	moon -C mgstudio-engine check --target native examples/ecs/custom_schedule
examples/ecs/ecs_guide	screenshot-excluded	Bevy ECS guide example runs a console schedule loop and has no camera or UI.	moon -C mgstudio-engine check --target native examples/ecs/ecs_guide
examples/ecs/immutable_components	screenshot-excluded	Bevy immutable components example demonstrates ECS indexing through console output and has no camera or UI.	moon -C mgstudio-engine check --target native examples/ecs/immutable_components
examples/ecs/nondeterministic_system_order	screenshot-excluded	Bevy nondeterministic system order example demonstrates schedule ambiguity through console output and has no camera or UI.	moon -C mgstudio-engine check --target native examples/ecs/nondeterministic_system_order
examples/ecs/one_shot_systems	visual-reference	Bevy one-shot systems example renders Camera2d UI text showing the last triggered callback.	mgstudio-engine/examples/ecs/one_shot_systems/reference.png
examples/ecs/relationships	screenshot-excluded	Bevy relationships example prints relationship graph changes and has no camera or UI.	moon -C mgstudio-engine check --target native examples/ecs/relationships
examples/ecs/send_and_receive_messages	screenshot-excluded	Bevy message example prints message send/read behavior and has no camera or UI.	moon -C mgstudio-engine check --target native examples/ecs/send_and_receive_messages
examples/ecs/startup_system	screenshot-excluded	Bevy startup system example prints startup/update ordering and has no camera or UI.	moon -C mgstudio-engine check --target native examples/ecs/startup_system
examples/ecs/system_closure	screenshot-excluded	Bevy system closure example demonstrates closure systems through logs and has no camera or UI.	moon -C mgstudio-engine check --target native examples/ecs/system_closure
examples/ecs/system_param	screenshot-excluded	Bevy custom SystemParam example prints counted players and has no camera or UI.	moon -C mgstudio-engine check --target native examples/ecs/system_param
examples/ecs/system_piping	screenshot-excluded	Bevy system piping example prints/logs pipeline output and has no camera or UI.	moon -C mgstudio-engine check --target native examples/ecs/system_piping
examples/ecs/system_stepping	screenshot-excluded	Bevy system stepping example prints stepping behavior and has no camera or UI.	moon -C mgstudio-engine check --target native examples/ecs/system_stepping
examples/ecs_json_move	screenshot-excluded	Project-local ECS move smoke example updates Position data without any camera or UI.	moon -C mgstudio-engine check --target native examples/ecs_json_move
examples/state/computed_states	visual-reference	Bevy computed states example renders menu/game/pause UI and sprite state visuals.	mgstudio-engine/examples/state/computed_states/reference.png
examples/state/custom_transitions	visual-reference	Bevy custom transitions example renders menu/game state UI and sprite visuals.	mgstudio-engine/examples/state/custom_transitions/reference.png
examples/state/states	visual-reference	Bevy states example renders menu/game state UI and sprite visuals.	mgstudio-engine/examples/state/states/reference.png
examples/state/sub_states	visual-reference	Bevy sub-states example renders menu/game/pause UI and sprite visuals.	mgstudio-engine/examples/state/sub_states/reference.png
examples/time/time	screenshot-excluded	Bevy time example is an stdin-driven console demonstration of time schedules and has no camera or UI.	moon -C mgstudio-engine check --target native examples/time/time
examples/hello_world	screenshot-excluded	Standalone hello-world println example has no app, window, camera, or renderer.	moon -C mgstudio-engine run --target native --release examples/hello_world
examples/hello_world/hello_world	screenshot-excluded	Update-system hello-world example prints to stdout and has no visual frame.	moon -C mgstudio-engine run --target native --release examples/hello_world/hello_world
